Ordenada X;Pendiente X;Ordenada Y;Pendiente Y
-469.59675462075165;1.9050536851496735;306.0668501288361;-2.5651376452968933
