Ordenada X;Pendiente X;Ordenada Y;Pendiente Y
-55.370177267987486;3.9885297184567254;776.3736263736275;-42.0329670329671
