Ordenada X;Pendiente X;Ordenada Y;Pendiente Y
-471.3594716039108;2.3900114882608254;250.71587427501117;-2.6588707814567627
