Ordenada X;Pendiente X;Ordenada Y;Pendiente Y
-524.4860678235178;2.5480861776977033;297.79405480961015;-2.9351222934620664
