Ordenada X;Pendiente X;Ordenada Y;Pendiente Y
-463.62905402776767;1.8939740079432212;337.72991121054537;-2.7689454982296944
