Ordenada X;Pendiente X;Ordenada Y;Pendiente Y
-455.54710995394765;2.4009861733342284;415.97251615215595;-2.7547133334752965
