Ordenada X;Pendiente X;Ordenada Y;Pendiente Y
-590.1431492842532;1.9631901840490786;654.2598187311178;-2.3867069486404837
