Ordenada X;Pendiente X;Ordenada Y;Pendiente Y
-583.1422615920491;2.3494992616358665;269.9649398687163;-2.354748064529593
