Ordenada X;Pendiente X;Ordenada Y;Pendiente Y
-643.013303356545;2.3861211631271635;509.0369084322369;-2.284587058320421
