coordenada x [mm];coordenada y [mm];frecuencia de fallos
92.15698336800087;38.17267237841771;1
-92.15698336800087;-38.17267237841771;1
